categoryId	categoryName	lPath
1000209	테마파크	||여행,명소||레저,테마||테마파크
1000282	VR체험	||스포츠,오락||오락시설||VR체험
1001035	영재교육	||교육,학문||학원 등 교습시설||교습학원,교습소||영재교육
1001531	산후조리원	||생활,편의||임신,출산||산후조리원
1001550	오락실	||스포츠,오락||오락시설||오락실
1002021	부속시설	||스포츠,오락||스포츠시설||부속시설
1002039	쉐어하우스,하숙	||서비스,산업||부동산||임대업||쉐어하우스,하숙
1002059	속독	||교육,학문||학원 등 교습시설||교습학원,교습소||속독
1002792	댄스교육	||교육,학문||학원 등 교습시설||댄스교육
1002798	투어버스	||교통,운수||여객,화물운송||버스||투어버스
1002801	양갈비	||음식점||한식||육류,고기요리||양갈비
1003000	힐링카페	||스포츠,오락||오락시설||힐링카페
1003277	배낚시	||스포츠,오락||레포츠시설||낚시터||배낚시
1003325	이용원	||생활,편의||미용||미용실||이용원
1003365	경락관리	||생활,편의||미용||피부,체형관리||경락관리
1003373	에버랜드시설	||여행,명소||레저,테마||에버랜드시설
1003564	인테리어디자인	||서비스,산업||전문,기술서비스||전문디자인||인테리어디자인
1003616	스터디카페	||음식점||카페,디저트||테마카페||스터디카페
1003665	동물카페	||스포츠,오락||오락시설||동물카페
1003670	블라인드,버티컬	||쇼핑,유통||가구,인테리어||침구,커튼||블라인드,버티컬
1003690	볼보	||쇼핑,유통||자동차||전시,판매||볼보
1003700	볼보서비스센터	||생활,편의||자동차정비,수리||볼보서비스센터
1004695	마카롱	||음식점||카페,디저트||마카롱
1004976	밀키트	||음식점||밀키트
1005184	왁싱,제모	||생활,편의||미용||왁싱,제모
1005406	반려동물미용	||생활,편의||반려동물||반려동물미용
1005778	부속시설	||스포츠,오락||스포츠시설||골프장||부속시설
1005782	실내골프연습장	||스포츠,오락||스포츠시설||골프연습장||실내골프연습장
1006039	브런치카페	||음식점||카페,디저트||브런치카페
1006063	마라탕	||음식점||중식||마라탕
1006673	대안학교 	||교육,학문||학교||각종학교||대안학교 
1006743	각종학교	||교육,학문||학교||각종학교
220036	음식점	||음식점
220037	한식	||음식점||한식
220038	일식	||음식점||일식
220039	중식	||음식점||중식
220040	아시아음식	||음식점||아시아음식
220041	베트남음식	||음식점||베트남음식
220042	인도음식	||음식점||인도음식
220043	태국음식	||음식점||태국음식
220044	양식	||음식점||양식
220045	패밀리레스토랑	||음식점||패밀리레스토랑
220046	뷔페	||음식점||뷔페
220047	도시락,컵밥	||음식점||도시락,컵밥
220048	분식	||음식점||분식
220049	치킨,닭강정	||음식점||치킨,닭강정
220051	술집	||음식점||술집
220052	카페,디저트	||음식점||카페,디저트
220055	백반,가정식	||음식점||한식||백반,가정식
220056	한정식	||음식점||한식||한정식
220057	쌈밥	||음식점||한식||쌈밥
220058	보리밥	||음식점||한식||보리밥
220059	비빔밥	||음식점||한식||비빔밥
220060	죽	||음식점||한식||죽
220061	국밥	||음식점||한식||국밥
220062	국수	||음식점||한식||국수
220063	냉면	||음식점||한식||냉면
220064	막국수	||음식점||한식||막국수
220065	찌개,전골	||음식점||한식||찌개,전골
220066	추어탕	||음식점||한식||추어탕
220067	감자탕	||음식점||한식||감자탕
220068	해장국	||음식점||한식||해장국
220069	곰탕,설렁탕	||음식점||한식||곰탕,설렁탕
220070	갈비탕	||음식점||한식||갈비탕
220072	두부요리	||음식점||한식||두부요리
220073	칼국수,만두	||음식점||한식||칼국수,만두
220074	전,빈대떡	||음식점||한식||전,빈대떡
220075	육류,고기요리	||음식점||한식||육류,고기요리
220076	해물,생선요리	||음식점||한식||해물,생선요리
220081	일식당	||음식점||일식||일식당
220082	돈가스	||음식점||일식||돈가스
220083	샤브샤브	||음식점||일식||샤브샤브
220084	오니기리	||음식점||일식||오니기리
220085	오므라이스	||음식점||일식||오므라이스
220086	우동,소바	||음식점||일식||우동,소바
220087	일본식라면	||음식점||일식||일본식라면
220088	일식튀김,꼬치	||음식점||일식||일식튀김,꼬치
220089	초밥,롤	||음식점||일식||초밥,롤
220090	카레	||음식점||일식||카레
220091	중식당	||음식점||중식||중식당
220093	양꼬치	||음식점||중식||양꼬치
220127	이탈리아음식	||음식점||양식||이탈리아음식
220131	독일음식	||음식점||양식||독일음식
220132	멕시코,남미음식	||음식점||양식||멕시코,남미음식
220133	브런치	||음식점||양식||브런치
220134	스테이크,립	||음식점||양식||스테이크,립
220136	피자	||음식점||양식||피자
220137	샌드위치	||음식점||양식||샌드위치
220138	햄버거	||음식점||양식||햄버거
220139	핫도그	||음식점||양식||핫도그
220140	후렌치후라이	||음식점||양식||후렌치후라이
220165	고기뷔페	||음식점||뷔페||고기뷔페
220166	해산물뷔페	||음식점||뷔페||해산물뷔페
220167	일식,초밥뷔페	||음식점||뷔페||일식,초밥뷔페
220168	채식,샐러드뷔페	||음식점||뷔페||채식,샐러드뷔페
220170	다이어트,샐러드	||음식점||도시락,컵밥||다이어트,샐러드
220190	토스트	||음식점||분식||토스트
220552	요리주점	||음식점||술집||요리주점
220553	맥주,호프	||음식점||술집||맥주,호프
220554	바(BAR)	||음식점||술집||바(BAR)
220555	와인	||음식점||술집||와인
220556	이자카야	||음식점||술집||이자카야
220557	오뎅,꼬치	||음식점||술집||오뎅,꼬치
220558	전통,민속주점	||음식점||술집||전통,민속주점
220559	포장마차	||음식점||술집||포장마차
220564	베이커리	||음식점||카페,디저트||베이커리
220565	케이크전문	||음식점||카페,디저트||케이크전문
220566	도넛	||음식점||카페,디저트||도넛
220567	와플	||음식점||카페,디저트||와플
220568	슈	||음식점||카페,디저트||슈
220569	커피번	||음식점||카페,디저트||커피번
220570	호두과자	||음식점||카페,디저트||호두과자
220576	카페	||음식점||카페,디저트||카페
220577	테이크아웃커피	||음식점||카페,디저트||테이크아웃커피
220578	아이스크림	||음식점||카페,디저트||아이스크림
220579	빙수	||음식점||카페,디저트||빙수
220580	차	||음식점||카페,디저트||차
220583	초콜릿전문점	||음식점||카페,디저트||초콜릿전문점
220584	과일,주스전문점	||음식점||카페,디저트||과일,주스전문점
220585	북카페	||음식점||카페,디저트||북카페
220587	테마카페	||음식점||카페,디저트||테마카페
220589	떡카페	||음식점||카페,디저트||떡카페
220591	보드카페	||스포츠,오락||오락시설||보드카페
220764	소고기구이	||음식점||한식||육류,고기요리||소고기구이
220765	돼지고기구이	||음식점||한식||육류,고기요리||돼지고기구이
220766	족발,보쌈	||음식점||한식||육류,고기요리||족발,보쌈
220767	곱창,막창,양	||음식점||한식||육류,고기요리||곱창,막창,양
220768	순대,순댓국	||음식점||한식||육류,고기요리||순대,순댓국
220769	오리요리	||음식점||한식||육류,고기요리||오리요리
220770	닭요리	||음식점||한식||육류,고기요리||닭요리
220771	닭갈비	||음식점||한식||육류,고기요리||닭갈비
220772	닭발	||음식점||한식||육류,고기요리||닭발
220773	닭볶음탕	||음식점||한식||육류,고기요리||닭볶음탕
220774	백숙,삼계탕	||음식점||한식||육류,고기요리||백숙,삼계탕
220775	불닭	||음식점||한식||육류,고기요리||불닭
220776	찜닭	||음식점||한식||육류,고기요리||찜닭
220791	생선구이	||음식점||한식||해물,생선요리||생선구이
220792	생선회	||음식점||한식||해물,생선요리||생선회
220793	아귀찜,해물찜	||음식점||한식||해물,생선요리||아귀찜,해물찜
220794	게요리	||음식점||한식||해물,생선요리||게요리
220795	굴요리	||음식점||한식||해물,생선요리||굴요리
220796	낙지요리	||음식점||한식||해물,생선요리||낙지요리
220797	오징어요리	||음식점||한식||해물,생선요리||오징어요리
220798	복어요리	||음식점||한식||해물,생선요리||복어요리
220799	장어,먹장어요리	||음식점||한식||해물,생선요리||장어,먹장어요리
220801	조개요리	||음식점||한식||해물,생선요리||조개요리
220802	주꾸미요리	||음식점||한식||해물,생선요리||주꾸미요리
220803	매운탕,해물탕	||음식점||한식||해물,생선요리||매운탕,해물탕
220914	스파게티,파스타전문	||음식점||양식||이탈리아음식||스파게티,파스타전문
220942	바닷가재요리	||음식점||한식||해물,생선요리||바닷가재요리
221730	퓨전음식	||음식점||퓨전음식
221849	종교	||문화,예술||종교
221869	개신교	||문화,예술||종교||개신교
221870	천주교	||문화,예술||종교||천주교
221871	불교	||문화,예술||종교||불교
221872	민족종교	||문화,예술||종교||민족종교
221906	교파,종파	||문화,예술||종교||개신교||교파,종파
221913	교파,종파	||문화,예술||종교||불교||교파,종파
221915	원불교	||문화,예술||종교||민족종교||원불교
221918	천도교	||문화,예술||종교||민족종교||천도교
221941	숙박	||숙박
221942	호텔	||숙박||호텔
221943	콘도,리조트	||숙박||콘도,리조트
221944	레지던스	||숙박||레지던스
221986	스포츠,오락	||스포츠,오락
221987	스포츠시설	||스포츠,오락||스포츠시설
221988	레포츠시설	||스포츠,오락||레포츠시설
221989	오락시설	||스포츠,오락||오락시설
221990	유흥시설	||스포츠,오락||유흥시설
221991	스포츠구단,클럽	||스포츠,오락||스포츠구단,클럽
221995	체육관	||스포츠,오락||스포츠시설||체육관
221997	야구장	||스포츠,오락||스포츠시설||야구장
221999	축구장	||스포츠,오락||스포츠시설||축구장
222002	골프장	||스포츠,오락||스포츠시설||골프장
222003	스크린골프장	||스포츠,오락||스포츠시설||스크린골프장
222004	골프연습장	||스포츠,오락||스포츠시설||골프연습장
222007	수영장	||스포츠,오락||스포츠시설||수영장
222008	테니스장	||스포츠,오락||스포츠시설||테니스장
222014	풋살장	||스포츠,오락||스포츠시설||풋살장
222016	아이스링크	||스포츠,오락||스포츠시설||아이스링크
222021	경마장	||스포츠,오락||스포츠시설||경마장
222024	헬스장	||스포츠,오락||스포츠시설||헬스장
222025	요가원	||스포츠,오락||스포츠시설||요가원
222026	필라테스	||스포츠,오락||스포츠시설||필라테스
222028	단전,기공	||스포츠,오락||스포츠시설||단전,기공
222029	무예,격투기	||스포츠,오락||스포츠시설||무예,격투기
222031	낚시터	||스포츠,오락||레포츠시설||낚시터
222032	비행,항공레저	||스포츠,오락||레포츠시설||비행,항공레저
222033	수상,해양레저	||스포츠,오락||레포츠시설||수상,해양레저
222041	노래방	||스포츠,오락||오락시설||노래방
222043	만화방	||스포츠,오락||오락시설||만화방
222044	PC방	||스포츠,오락||오락시설||PC방
222050	나이트클럽	||스포츠,오락||유흥시설||나이트클럽
222072	태권도장	||스포츠,오락||스포츠시설||무예,격투기||태권도장
222121	레저,테마	||여행,명소||레저,테마
222160	워터파크	||여행,명소||레저,테마||워터파크
222413	학교	||교육,학문||학교
222416	학원 등 교습시설	||교육,학문||학원 등 교습시설
222422	초등학교	||교육,학문||학교||초등학교
222423	중학교	||교육,학문||학교||중학교
222424	고등학교	||교육,학문||학교||고등학교
222425	대학교	||교육,학문||학교||대학교
222426	대학원	||교육,학문||학교||대학원
222446	독서실	||교육,학문||도서관||독서실
222447	교습학원,교습소	||교육,학문||학원 등 교습시설||교습학원,교습소
222448	어학교육	||교육,학문||학원 등 교습시설||어학교육
222449	스포츠,레크레이션교육	||교육,학문||학원 등 교습시설||스포츠,레크레이션교육
222450	음악교육	||교육,학문||학원 등 교습시설||음악교육
222451	미술교육	||교육,학문||학원 등 교습시설||미술교육
222452	취미교육	||교육,학문||학원 등 교습시설||취미교육
222453	직업,기술교육	||교육,학문||학원 등 교습시설||직업,기술교육
222469	특수목적고등학교	||교육,학문||학교||고등학교||특수목적고등학교
222471	전문계고등학교	||교육,학문||학교||고등학교||전문계고등학교
222487	입시교육	||교육,학문||학원 등 교습시설||교습학원,교습소||입시교육
222489	공부방	||교육,학문||학원 등 교습시설||교습학원,교습소||공부방
222491	논술	||교육,학문||학원 등 교습시설||교습학원,교습소||논술
222493	웅변,화술	||교육,학문||학원 등 교습시설||교습학원,교습소||웅변,화술
222494	글쓰기,독서지도	||교육,학문||학원 등 교습시설||교습학원,교습소||글쓰기,독서지도
222495	학습지	||교육,학문||학원 등 교습시설||교습학원,교습소||학습지
222497	영어교육	||교육,학문||학원 등 교습시설||어학교육||영어교육
222499	중국어교육	||교육,학문||학원 등 교습시설||어학교육||중국어교육
222518	요가,명상	||교육,학문||학원 등 교습시설||스포츠,레크레이션교육||요가,명상
222527	피아노	||교육,학문||학원 등 교습시설||음악교육||피아노
222534	실용음악교육	||교육,학문||학원 등 교습시설||음악교육||실용음악교육
222550	고시,공무원	||교육,학문||학원 등 교습시설||직업,기술교육||고시,공무원
222551	공인중개사	||교육,학문||학원 등 교습시설||직업,기술교육||공인중개사
222559	애니메이션,만화	||교육,학문||학원 등 교습시설||직업,기술교육||애니메이션,만화
222565	컴퓨터	||교육,학문||학원 등 교습시설||직업,기술교육||컴퓨터
222567	미용교육	||교육,학문||학원 등 교습시설||직업,기술교육||미용교육
222964	법무부	||공공,사회기관||중앙행정기관||법무부
223105	범죄예방정책국	||공공,사회기관||중앙행정기관||법무부||범죄예방정책국
223176	병원	||건강,의료||병원
223178	약국	||건강,의료||약국
223182	건강검진	||건강,의료||병원||건강검진
223186	종합병원	||건강,의료||병원||종합병원
223187	병원,의원	||건강,의료||병원||병원,의원
223192	보건소	||건강,의료||병원||보건소
223194	병원부속시설	||건강,의료||병원||병원부속시설
223256	치과	||건강,의료||병원||병원,의원||치과
223260	한의원	||건강,의료||병원||병원,의원||한의원
223268	미용	||생활,편의||미용
223273	주유소	||생활,편의||주유소
223276	자동차정비,수리	||생활,편의||자동차정비,수리
223277	세탁	||생활,편의||세탁
223281	수리,AS	||생활,편의||수리,AS
223288	미용실	||생활,편의||미용||미용실
223289	머리염색	||생활,편의||미용||머리염색
223290	두피,탈모관리	||생활,편의||미용||두피,탈모관리
223291	피부,체형관리	||생활,편의||미용||피부,체형관리
223292	다이어트,비만	||생활,편의||미용||다이어트,비만
223294	메이크업	||생활,편의||미용||메이크업
223296	네일아트,네일샵	||생활,편의||미용||네일아트,네일샵
223319	SK주유소	||생활,편의||주유소||SK주유소
223320	GS칼텍스주유소	||생활,편의||주유소||GS칼텍스주유소
223321	HD현대오일뱅크주유소	||생활,편의||주유소||HD현대오일뱅크주유소
223322	S-OIL주유소	||생활,편의||주유소||S-OIL주유소
223324	농협주유소	||생활,편의||주유소||농협주유소
223325	알뜰주유소	||생활,편의||주유소||알뜰주유소
223350	외형복원,덴트,도색	||생활,편의||자동차정비,수리||외형복원,덴트,도색
223351	방음,방청	||생활,편의||자동차정비,수리||방음,방청
223352	튜닝	||생활,편의||자동차정비,수리||튜닝
223353	썬팅,광택	||생활,편의||자동차정비,수리||썬팅,광택
223354	타이어,휠	||생활,편의||자동차정비,수리||타이어,휠
223356	세탁소	||생활,편의||세탁||세탁소
223357	셀프빨래방	||생활,편의||세탁||셀프빨래방
223383	컴퓨터수리	||생활,편의||수리,AS||컴퓨터수리
223384	휴대폰수리	||생활,편의||수리,AS||휴대폰수리
223446	남성전문미용실	||생활,편의||미용||미용실||남성전문미용실
223447	어린이미용실	||생활,편의||미용||미용실||어린이미용실
223468	태닝	||생활,편의||미용||피부,체형관리||태닝
223488	발관리	||생활,편의||미용||피부,체형관리||발관리
223570	가구,인테리어	||쇼핑,유통||가구,인테리어
223573	취미,레저용품	||쇼핑,유통||취미,레저용품
223575	자동차	||쇼핑,유통||자동차
223583	종교용품	||쇼핑,유통||종교용품
223593	슈퍼,마트	||쇼핑,유통||종합도소매||슈퍼,마트
223641	스포츠의류	||쇼핑,유통||패션||스포츠의류
223644	골프웨어	||쇼핑,유통||패션||골프웨어
223699	가구	||쇼핑,유통||가구,인테리어||가구
223700	침구,커튼	||쇼핑,유통||가구,인테리어||침구,커튼
223701	벽지,장판,마루	||쇼핑,유통||가구,인테리어||벽지,장판,마루
223702	인테리어소품	||쇼핑,유통||가구,인테리어||인테리어소품
223717	서점	||쇼핑,유통||도서,음반,문구||서점
223724	스포츠용품	||쇼핑,유통||취미,레저용품||스포츠용품
223725	레저,여행용품	||쇼핑,유통||취미,레저용품||레저,여행용품
223726	오토바이	||쇼핑,유통||취미,레저용품||오토바이
223727	자전거	||쇼핑,유통||취미,레저용품||자전거
223728	장난감	||쇼핑,유통||취미,레저용품||장난감
223729	수집	||쇼핑,유통||취미,레저용품||수집
223730	악기	||쇼핑,유통||취미,레저용품||악기
223731	이벤트,파티	||쇼핑,유통||취미,레저용품||이벤트,파티
223732	원예,화훼농원	||쇼핑,유통||취미,레저용품||원예,화훼농원
223755	전시,판매	||쇼핑,유통||자동차||전시,판매
223756	자동차부품	||쇼핑,유통||자동차||자동차부품
223760	시트,매트,쿠션	||쇼핑,유통||자동차||시트,매트,쿠션
223761	엔진오일	||쇼핑,유통||자동차||엔진오일
224217	침대	||쇼핑,유통||가구,인테리어||가구||침대
224220	맞춤가구	||쇼핑,유통||가구,인테리어||가구||맞춤가구
224221	어린이가구	||쇼핑,유통||가구,인테리어||가구||어린이가구
224222	사무용가구	||쇼핑,유통||가구,인테리어||가구||사무용가구
224223	의자	||쇼핑,유통||가구,인테리어||가구||의자
224226	소파	||쇼핑,유통||가구,인테리어||가구||소파
224230	수입가구	||쇼핑,유통||가구,인테리어||가구||수입가구
224252	침구류,직물	||쇼핑,유통||가구,인테리어||침구,커튼||침구류,직물
224302	아동도서	||쇼핑,유통||도서,음반,문구||서점||아동도서
224333	골프용품	||쇼핑,유통||취미,레저용품||스포츠용품||골프용품
224355	수영용품	||쇼핑,유통||취미,레저용품||스포츠용품||수영용품
224359	헬스용품	||쇼핑,유통||취미,레저용품||스포츠용품||헬스용품
224380	캠핑용품	||쇼핑,유통||취미,레저용품||레저,여행용품||캠핑용품
224393	수입오토바이	||쇼핑,유통||취미,레저용품||오토바이||수입오토바이
224404	블록	||쇼핑,유통||취미,레저용품||장난감||블록
224412	모형	||쇼핑,유통||취미,레저용품||장난감||모형
224456	수입,외제차	||쇼핑,유통||자동차||전시,판매||수입,외제차
224457	중고차	||쇼핑,유통||자동차||전시,판매||중고차
224592	요리교육	||교육,학문||학원 등 교습시설||요리교육
224623	미용기기,재료	||쇼핑,유통||미용기기,재료
224777	수학교육	||교육,학문||학원 등 교습시설||교습학원,교습소||수학교육
224856	부동산	||협회,단체||부동산
224857	광고,마케팅	||협회,단체||광고,마케팅
224862	교육,학교	||협회,단체||교육,학교
224864	종교	||협회,단체||종교
224869	교통,자동차	||협회,단체||교통,자동차
224872	레저,스포츠	||협회,단체||레저,스포츠
224904	화장품,미용	||협회,단체||서비스,산업||화장품,미용
224929	교수,교사단체	||협회,단체||교육,학교||교수,교사단체
225007	배구	||협회,단체||레저,스포츠||배구
225009	야구	||협회,단체||레저,스포츠||야구
225010	축구	||협회,단체||레저,스포츠||축구
225034	생활체육	||협회,단체||레저,스포츠||생활체육
225117	제조업	||서비스,산업||제조업
225121	부동산	||서비스,산업||부동산
225167	식료품제조	||서비스,산업||제조업||식료품제조
225168	담배제조	||서비스,산업||제조업||담배제조
225169	섬유제품제조	||서비스,산업||제조업||섬유제품제조
225170	의류제작	||서비스,산업||제조업||의류제작
225171	제재,목재가공	||서비스,산업||제조업||제재,목재가공
225172	펄프,종이제조	||서비스,산업||제조업||펄프,종이제조
225173	인쇄,기록매체복제	||서비스,산업||제조업||인쇄,기록매체복제
225174	코크스,연탄,석유정제품제조	||서비스,산업||제조업||코크스,연탄,석유정제품제조
225175	화학물질,제품제조	||서비스,산업||제조업||화학물질,제품제조
225177	의료용품,기기제조	||서비스,산업||제조업||의료용품,기기제조
225178	고무제품제조	||서비스,산업||제조업||고무제품제조
225179	플라스틱제품제조	||서비스,산업||제조업||플라스틱제품제조
225180	비금속광물제품제조	||서비스,산업||제조업||비금속광물제품제조
225181	1차금속제조	||서비스,산업||제조업||1차금속제조
225182	금속가공제품제조	||서비스,산업||제조업||금속가공제품제조
225183	전자,전기	||서비스,산업||제조업||전자,전기
225184	영상,음향기기제조	||서비스,산업||제조업||영상,음향기기제조
225186	정밀,광학기기,시계제조	||서비스,산업||제조업||정밀,광학기기,시계제조
225187	기계,장비제조	||서비스,산업||제조업||기계,장비제조
225188	자동차,운송장비제조	||서비스,산업||제조업||자동차,운송장비제조
225189	생활,가정용품제조	||서비스,산업||제조업||생활,가정용품제조
225190	가구제조	||서비스,산업||제조업||가구제조
225191	귀금속,장신용품제조	||서비스,산업||제조업||귀금속,장신용품제조
225192	악기제조	||서비스,산업||제조업||악기제조
225193	운동,경기용구제조	||서비스,산업||제조업||운동,경기용구제조
225194	장난감,오락용품제조	||서비스,산업||제조업||장난감,오락용품제조
225196	간판,광고물제조	||서비스,산업||제조업||간판,광고물제조
225197	기타용품제조	||서비스,산업||제조업||기타용품제조
225200	가스제조,공급	||서비스,산업||전기,가스,수도사업||가스제조,공급
225215	임대업	||서비스,산업||부동산||임대업
225216	중개업	||서비스,산업||부동산||중개업
225219	감정평가업	||서비스,산업||부동산||감정평가업
225220	관리업	||서비스,산업||부동산||관리업
225290	법무	||서비스,산업||전문,기술서비스||법무
225291	회계,세무	||서비스,산업||전문,기술서비스||회계,세무
225292	광고,마케팅	||서비스,산업||전문,기술서비스||광고,마케팅
225313	여행사	||서비스,산업||지원,대행||여행사
225324	오락,레저용품	||서비스,산업||임대,대여||오락,레저용품
225348	곡물가공,제조	||서비스,산업||제조업||식료품제조||곡물가공,제조
225349	육류가공,제조	||서비스,산업||제조업||식료품제조||육류가공,제조
225350	수산물가공,제조	||서비스,산업||제조업||식료품제조||수산물가공,제조
225351	과실,채소가공,제조	||서비스,산업||제조업||식료품제조||과실,채소가공,제조
225352	유지제조	||서비스,산업||제조업||식료품제조||유지제조
225353	유제품제조	||서비스,산업||제조업||식료품제조||유제품제조
225355	음료제조	||서비스,산업||제조업||식료품제조||음료제조
225356	주류제조	||서비스,산업||제조업||식료품제조||주류제조
225364	조미료,식품첨가물제조	||서비스,산업||제조업||식료품제조||조미료,식품첨가물제조
225394	전자담배	||서비스,산업||제조업||담배제조||전자담배
225396	섬유,원단제조	||서비스,산업||제조업||섬유제품제조||섬유,원단제조
225397	섬유가공	||서비스,산업||제조업||섬유제품제조||섬유가공
225398	장식용제품제조	||서비스,산업||제조업||섬유제품제조||장식용제품제조
225399	직물제품제조	||서비스,산업||제조업||섬유제품제조||직물제품제조
225402	위생용섬유제품제조	||서비스,산업||제조업||섬유제품제조||위생용섬유제품제조
225404	특수사,코드직물제조	||서비스,산업||제조업||섬유제품제조||특수사,코드직물제조
225414	의류액세서리제작	||서비스,산업||제조업||의류제작||의류액세서리제작
225443	나무제품제조	||서비스,산업||제조업||제재,목재가공||나무제품제조
225444	코르크제품제조	||서비스,산업||제조업||제재,목재가공||코르크제품제조
225447	종이,판지제조	||서비스,산업||제조업||펄프,종이제조||종이,판지제조
225448	종이용기제조	||서비스,산업||제조업||펄프,종이제조||종이용기제조
225450	인쇄업	||서비스,산업||제조업||인쇄,기록매체복제||인쇄업
225457	석유정제품제조	||서비스,산업||제조업||코크스,연탄,석유정제품제조||석유정제품제조
225469	세제제조	||서비스,산업||제조업||화학물질,제품제조||세제제조
225509	1차철강제조	||서비스,산업||제조업||1차금속제조||1차철강제조
225510	1차비철금속제조	||서비스,산업||제조업||1차금속제조||1차비철금속제조
225512	비철금속주조	||서비스,산업||제조업||1차금속제조||비철금속주조
225514	금속단조,압형,야금제품제조	||서비스,산업||제조업||금속가공제품제조||금속단조,압형,야금제품제조
225515	금속처리	||서비스,산업||제조업||금속가공제품제조||금속처리
225520	컴퓨터제조	||서비스,산업||제조업||전자,전기||컴퓨터제조
225521	통신,방송장비제조	||서비스,산업||제조업||전자,전기||통신,방송장비제조
225523	전기공급,전기제어장치제조	||서비스,산업||제조업||전자,전기||전기공급,전기제어장치제조
225615	광학기기제조	||서비스,산업||제조업||정밀,광학기기,시계제조||광학기기제조
225619	농업,임업용기계제조	||서비스,산업||제조업||기계,장비제조||농업,임업용기계제조
225620	산업용기계제조	||서비스,산업||제조업||기계,장비제조||산업용기계제조
225621	공작기계제조	||서비스,산업||제조업||기계,장비제조||공작기계제조
225634	일반기계제조	||서비스,산업||제조업||기계,장비제조||일반기계제조
225651	자동차차체,트레일러제조	||서비스,산업||제조업||자동차,운송장비제조||자동차차체,트레일러제조
225653	선박,보트건조	||서비스,산업||제조업||자동차,운송장비제조||선박,보트건조
226188	여객,화물운송	||교통,운수||여객,화물운송
226192	기차,철도	||교통,운수||여객,화물운송||기차,철도
226193	지하철,전철	||교통,운수||여객,화물운송||지하철,전철
226194	버스	||교통,운수||여객,화물운송||버스
226195	택시회사	||교통,운수||여객,화물운송||택시회사
226196	페리,해운	||교통,운수||여객,화물운송||페리,해운
226197	항공	||교통,운수||여객,화물운송||항공
226198	화물운송	||교통,운수||여객,화물운송||화물운송
226199	기타운송	||교통,운수||여객,화물운송||기타운송
226215	수도권	||교통,운수||여객,화물운송||지하철,전철||수도권
226216	부산광역시	||교통,운수||여객,화물운송||지하철,전철||부산광역시
226217	대구광역시	||교통,운수||여객,화물운송||지하철,전철||대구광역시
226222	버스터미널	||교통,운수||여객,화물운송||버스||버스터미널
226224	버스회사	||교통,운수||여객,화물운송||버스||버스회사
226236	페리,해운사	||교통,운수||여객,화물운송||페리,해운||페리,해운사
226248	국제,항공화물	||교통,운수||여객,화물운송||화물운송||국제,항공화물
226250	택배	||교통,운수||여객,화물운송||화물운송||택배
226357	푸드코트	||음식점||푸드코트
226801	장난감대여	||서비스,산업||임대,대여||오락,레저용품||장난감대여
226902	중개,알선	||쇼핑,유통||자동차||중개,알선
229087	전문대학	||교육,학문||학교||전문대학
229093	정보통신대	||교육,학문||학교||정보통신대
229098	종교대학	||교육,학문||학교||종교대학
229239	경륜장	||스포츠,오락||스포츠시설||경륜장
229847	한식뷔페	||음식점||한식||한식뷔페
229856	전동모빌리티	||쇼핑,유통||취미,레저용품||전동모빌리티
230101	방탈출카페	||스포츠,오락||오락시설||방탈출카페
230561	스크린야구장	||스포츠,오락||스포츠시설||스크린야구장
230614	덮밥	||음식점||일식||덮밥
231743	네일아트재료	||쇼핑,유통||미용기기,재료||네일아트재료
232122	본아이에프	||음식점||한식||죽||본아이에프
I1000024	베이글카페	||음식점||카페,디저트||카페||베이글카페
I1000037	엘레강스스포츠	||쇼핑,유통||패션||골프웨어||엘레강스스포츠
I1000204	애플키즈카페	||스포츠,오락||오락시설||키즈카페,실내놀이터||애플키즈카페
I1000239	미스터파파임실치즈피자	||음식점||양식||피자||미스터파파임실치즈피자
I1000244	마리오피자	||음식점||양식||피자||마리오피자
I1000278	김해시락국밥	||음식점||한식||국밥||김해시락국밥
I1000300	선인자동차 포드링컨	||쇼핑,유통||자동차||전시,판매||선인자동차 포드링컨
I1000304	루체테어학원	||교육,학문||학원 등 교습시설||어학교육||영어교육||루체테어학원
I1000316	와인주막차차	||음식점||술집||와인||와인주막차차
I1000348	시골막국수	||음식점||한식||막국수||시골막국수
I1000350	79네수육국밥	||음식점||한식||국밥||79네수육국밥
I1000365	카페꼰띠고	||음식점||카페,디저트||카페||카페꼰띠고
I1000380	신세계출장뷔페	||음식점||뷔페||신세계출장뷔페
I1000393	가얏골감자탕	||음식점||한식||감자탕||가얏골감자탕
I1000396	가제트술집	||음식점||술집||전통,민속주점||가제트술집
I1000429	겐츠베이커리	||음식점||카페,디저트||베이커리||겐츠베이커리
I1000435	경성술집	||음식점||술집||요리주점||경성술집
I1000441	안스베이커리	||음식점||카페,디저트||베이커리||안스베이커리
I1000461	고래감자탕	||음식점||한식||감자탕||고래감자탕
I1000469	고스트피자	||음식점||양식||피자||고스트피자
I1000473	곤지암할매소머리국밥	||음식점||한식||국밥||곤지암할매소머리국밥
I1000489	공릉동원조멸치국수	||음식점||한식||국수||공릉동원조멸치국수
I1000500	에이그레이트카페	||음식점||카페,디저트||카페||에이그레이트카페
I1000509	열혈분식	||음식점||분식||열혈분식
I1000510	국수장이	||음식점||한식||국수||국수장이
I1000511	국제외식출장뷔페	||음식점||뷔페||국제외식출장뷔페
I1000514	굴천지&초계국수	||음식점||한식||해물,생선요리||굴요리||굴천지&초계국수
I1000515	옐로우피자	||음식점||양식||피자||옐로우피자
I1000517	오늘와인한잔	||음식점||술집||와인||오늘와인한잔
I1000520	오드리헵번카페	||음식점||카페,디저트||카페||오드리헵번카페
I1000537	김태호피자	||음식점||양식||피자||김태호피자
I1000554	와플칸	||음식점||카페,디저트||와플||와플칸
I1000557	왕돈까스&왕냉면	||음식점||일식||돈가스||왕돈까스&왕냉면
I1000564	우가양평해장국	||음식점||한식||해장국||우가양평해장국
I1000581	울엄마양평해장국	||음식점||한식||해장국||울엄마양평해장국
I1000586	뉴욕피자	||음식점||양식||피자||뉴욕피자
I1000596	유로코피자	||음식점||양식||피자||유로코피자
I1000602	본죽&비빔밥cafe	||음식점||한식||죽||본아이에프||본죽&비빔밥cafe
I1000603	박군자진주냉면	||음식점||한식||냉면||박군자진주냉면
I1000616	대동국수	||음식점||한식||국수||대동국수
I1000620	이석민피자	||음식점||양식||피자||이석민피자
I1000630	일품양평해장국	||음식점||한식||해장국||일품양평해장국
I1000634	자연임실치즈피자	||음식점||양식||피자||자연임실치즈피자
I1000647	전주콩나루콩나물국밥	||음식점||한식||국밥||전주콩나루콩나물국밥
I1000649	정다함돈가스	||음식점||일식||돈가스||정다함돈가스
I1000664	제주은희네해장국	||음식점||한식||해장국||제주은희네해장국
I1000684	띵똥와플	||음식점||카페,디저트||와플||띵똥와플
I1000686	라오니피자	||음식점||양식||피자||라오니피자
I1000704	류길상피자	||음식점||양식||피자||류길상피자
I1000710	림벅와플	||음식점||카페,디저트||와플||림벅와플
I1000729	착한피자	||음식점||양식||피자||착한피자
I1000741	천안당호두과자	||음식점||카페,디저트||호두과자||천안당호두과자
I1000749	청기와뼈다귀해장국	||음식점||한식||해장국||청기와뼈다귀해장국
I1000761	추오정남원추어탕	||음식점||한식||추어탕||추오정남원추어탕
I1000765	치킨과바람피자	||음식점||치킨,닭강정||치킨과바람피자
I1000766	명동피자	||음식점||양식||피자||명동피자
I1000774	명품청기와감자탕	||음식점||한식||감자탕||명품청기와감자탕
I1000783	카페몰리	||음식점||카페,디저트||카페||카페몰리
I1000784	모이세해장국	||음식점||한식||해장국||모이세해장국
I1000787	목촌돼지국밥	||음식점||한식||국밥||목촌돼지국밥
I1000789	카페인시애틀	||음식점||양식||피자||카페인시애틀
I1000791	카페인중독	||음식점||카페,디저트||카페인중독
I1000793	카페하인츠	||음식점||카페,디저트||카페||카페하인츠
I1000798	미가출장뷔페	||음식점||뷔페||미가출장뷔페
I1000804	미풍해장국	||음식점||한식||해장국||미풍해장국
I1000807	바르미샤브샤브	||음식점||일식||샤브샤브||바르미샤브샤브
I1000812	바세츠아이스크림	||음식점||카페,디저트||아이스크림||바세츠아이스크림
I1000851	불땡국수	||음식점||한식||국수||불땡국수
I1000853	브로피자	||음식점||양식||피자||브로피자
I1000860	빨간통피자	||음식점||양식||피자||빨간통피자
I1000865	뼈큰감자탕	||음식점||한식||감자탕||뼈큰감자탕
I1000872	삼교리동치미막국수	||음식점||한식||막국수||삼교리동치미막국수
I1000881	탑쌀피자	||음식점||양식||피자||탑쌀피자
I1000902	소문난부자돼지국밥	||음식점||한식||국밥||소문난부자돼지국밥
I1000911	속초코다리냉면	||음식점||한식||냉면||속초코다리냉면
I1000932	피자1번가	||음식점||양식||피자||피자1번가
I1000933	피자꾼	||음식점||양식||피자||피자꾼
I1000934	피자민	||음식점||양식||피자||피자민
I1000935	피자브라더스	||음식점||양식||피자||피자브라더스
I1000936	피자비토랩	||음식점||양식||피자||피자비토랩
I1000937	피자써클	||음식점||양식||피자||피자써클
I1000938	피자연합	||음식점||양식||피자||피자연합
I1000939	피자오래	||음식점||양식||피자||피자오래
I1000940	피자헐	||음식점||양식||피자||피자헐
I1000956	한명숙피자	||음식점||양식||피자||한명숙피자
I1000958	한솔냉면	||음식점||한식||냉면||한솔냉면
I1000965	헌혈카페	||협회,단체||건강,의료||헌혈카페
I1000972	황기순의칼국수&왕돈까스	||음식점||한식||칼국수,만두||황기순의칼국수&왕돈까스
I1000993	크린캐츠세탁프리	||생활,편의||세탁||크린캐츠세탁프리
I1000999	포인포키즈카페	||스포츠,오락||오락시설||키즈카페,실내놀이터||포인포키즈카페
I1001002	캐리키즈카페	||스포츠,오락||오락시설||키즈카페,실내놀이터||캐리키즈카페
I1001024	골때려골프	||쇼핑,유통||취미,레저용품||스포츠용품||골프용품||골때려골프
I1001421	창조의아침미술학원	||교육,학문||학원 등 교습시설||미술교육||창조의아침미술학원
I1001428	월남국수	||음식점||베트남음식||월남국수
I1001463	네네피자	||음식점||양식||피자||네네피자
I1001491	양평서울해장국큰아들집	||음식점||한식||해장국||양평서울해장국큰아들집
I1001493	오크피자	||음식점||양식||피자||오크피자
I1001495	오떼오피자	||음식점||양식||피자||오떼오피자
I1001501	캠토토스트	||음식점||분식||토스트||캠토토스트
I1001511	명품가마솥감자탕	||음식점||한식||감자탕||명품가마솥감자탕
I1001515	카페브릭스	||음식점||카페,디저트||카페||카페브릭스
I1001528	이제마스터디카페	||서비스,산업||임대,대여||장소대여||이제마스터디카페
I1001532	이자르산후조리원	||생활,편의||임신,출산||산후조리원||이자르산후조리원
I1001553	빨봉분식	||음식점||분식||빨봉분식
I1001568	아우라제이미용실	||생활,편의||미용||미용실||아우라제이미용실
I1001569	열정분식소	||음식점||분식||열정분식소
I1001571	자가제빵선명희피자	||음식점||양식||피자||자가제빵선명희피자
I1001574	작심독서실	||교육,학문||도서관||독서실||작심독서실
I1001576	국풀국어전문학원	||교육,학문||학원 등 교습시설||교습학원,교습소||입시교육||국풀국어전문학원
I1001617	JD스포츠	||쇼핑,유통||패션||신발||JD스포츠
I1001623	24시프리카페	||스포츠,오락||오락시설||만화방||24시프리카페
I1001636	무영쌈밥정식	||음식점||한식||쌈밥||무영쌈밥정식
I1001643	토스트럭	||음식점||분식||토스트||토스트럭
I1001645	토스트앤커피	||음식점||분식||토스트||토스트앤커피
I1001646	토스트앤후르츠	||음식점||분식||토스트||토스트앤후르츠
I1001669	토토로의숲힐링카페	||음식점||카페,디저트||토토로의숲힐링카페
I1001671	토픽쌀피자	||음식점||양식||피자||토픽쌀피자
I1001672	톰스피자	||음식점||양식||피자||톰스피자
I1001673	24시전주콩나물국밥	||음식점||한식||국밥||24시전주콩나물국밥
I1001676	톰슨피자	||음식점||양식||피자||톰슨피자
I1001677	스모킹카페	||음식점||카페,디저트||테마카페||스모킹카페
I1001686	3일국밥	||음식점||한식||국밥||3일국밥
I1001700	통묵은지감자탕	||음식점||한식||감자탕||통묵은지감자탕
I1001701	카페일루이스	||음식점||카페,디저트||카페||카페일루이스
I1001702	일리카페	||음식점||카페,디저트||카페||일리카페
I1001707	통영멸치국수	||음식점||한식||국수||통영멸치국수
I1001716	통큰감자탕	||음식점||한식||감자탕||통큰감자탕
I1001723	88콩나물국밥	||음식점||한식||국밥||88콩나물국밥
I1001726	95도씨카페	||음식점||카페,디저트||95도씨카페
I1001751	신가네정읍국밥	||음식점||한식||국밥||신가네정읍국밥
I1001756	신라해장국	||음식점||한식||해장국||신라해장국
I1001779	W카페	||음식점||카페,디저트||카페||W카페
I1001792	신사골옛날감자탕	||음식점||한식||감자탕||신사골옛날감자탕
I1001800	일호감자탕	||음식점||한식||감자탕||일호감자탕
I1001808	임실49피자	||음식점||양식||피자||임실49피자
I1001816	파파준피자	||음식점||양식||피자||파파준피자
I1001833	팔백국밥	||음식점||한식||국밥||팔백국밥
I1001835	감성분식 청춘식당	||음식점||분식||감성분식 청춘식당
I1001862	팝아이스크림	||음식점||카페,디저트||아이스크림||팝아이스크림
I1001871	쌀똑핫도그	||음식점||양식||핫도그||쌀똑핫도그
I1001889	씬난다쌀핫도그	||음식점||양식||핫도그||씬난다쌀핫도그
I1001905	미친양꼬치	||음식점||중식||양꼬치||미친양꼬치
I1001921	장금이감자탕	||음식점||한식||감자탕||장금이감자탕
I1001922	미향해장국	||음식점||한식||해장국||미향해장국
I1001923	커피홀베이커리	||음식점||카페,디저트||베이커리||커피홀베이커리
I1001940	아우어베이커리	||음식점||카페,디저트||베이커리||아우어베이커리
I1001955	장수남원추어탕	||음식점||한식||추어탕||장수남원추어탕
I1001957	장수본가해장국	||음식점||한식||해장국||장수본가해장국
I1001971	앙마떡뽀끼앤카페빅	||음식점||분식||앙마떡뽀끼앤카페빅
I1001974	바른생활샌드위치	||음식점||양식||샌드위치||바른생활샌드위치
I1001979	고레카레	||음식점||일식||카레||고레카레
I1001989	한국수	||음식점||한식||국수||한국수
I1001999	세탁을위한사람들	||생활,편의||세탁||세탁을위한사람들
I1002006	더오니기리플러스	||음식점||분식||더오니기리플러스
I1002132	고기듬뿍대왕비빔밥	||음식점||한식||비빔밥||고기듬뿍대왕비빔밥
I1002143	고피자	||음식점||양식||피자||고피자
I1002145	베트남쌀국수리얼하노이	||음식점||베트남음식||베트남쌀국수리얼하노이
I1002155	공주칼국수	||음식점||한식||칼국수,만두||공주칼국수
I1002159	제주울어멍해장국	||음식점||한식||해장국||제주울어멍해장국
I1002163	조선국밥	||음식점||한식||조선국밥
I1002165	종가돼지국밥	||음식점||한식||국밥||종가돼지국밥
I1002166	종일식당	||음식점||퓨전음식||종일식당
I1002167	주막보리밥	||음식점||한식||보리밥||주막보리밥
I1002178	본가왕뼈감자탕	||음식점||한식||감자탕||본가왕뼈감자탕
I1002180	구포국수	||음식점||한식||국수||구포국수
I1002181	본정카페	||음식점||카페,디저트||본정카페
I1002190	국밥여행	||음식점||한식||국밥||국밥여행
I1002195	궁중출장전문뷔페	||음식점||뷔페||궁중출장전문뷔페
I1002215	브라더한정식도시락	||음식점||도시락,컵밥||브라더한정식도시락
I1002243	비스트로피자	||음식점||양식||피자||비스트로피자
I1002261	첨단돌솥감자탕	||음식점||한식||감자탕||첨단돌솥감자탕
I1002263	청년피자	||음식점||양식||피자||청년피자
I1002266	뼈큰청진동해장국	||음식점||한식||뼈큰청진동해장국
I1002285	삼국시대감자탕	||음식점||한식||감자탕||삼국시대감자탕
I1002309	서리서리멸치국수	||음식점||한식||국수||서리서리멸치국수
I1002311	서민피자	||음식점||양식||피자||서민피자
I1002313	노마진아이스크림	||음식점||카페,디저트||아이스크림||노마진아이스크림
I1002314	석가신라해장국	||음식점||한식||해장국||석가신라해장국
I1002325	최고당돈가스	||음식점||일식||돈가스||최고당돈가스
I1002346	수앤미피자	||음식점||양식||피자||수앤미피자
I1002401	도쿄술집	||음식점||술집||이자카야||도쿄술집
I1002402	슬라임카페누뷜	||스포츠,오락||오락시설||슬라임카페||슬라임카페누뷜
I1002403	카페051	||음식점||카페,디저트||카페||카페051
I1002407	카페동네	||음식점||카페,디저트||카페||카페동네
I1002411	카페뚤레	||음식점||카페,디저트||카페||카페뚤레
I1002414	카페라떼르	||음식점||카페,디저트||카페||카페라떼르
I1002417	신주쿠카레	||음식점||일식||카레||신주쿠카레
I1002420	카페로움	||음식점||카페,디저트||베이커리||카페로움
I1002422	심리카페멘토	||음식점||카페,디저트||테마카페||심리카페멘토
I1002425	카페리빈	||음식점||카페,디저트||카페||카페리빈
I1002434	카페보스	||음식점||카페,디저트||카페||카페보스
I1002435	돼지팥빙수	||음식점||카페,디저트||빙수||돼지팥빙수
I1002438	카페앤스터프	||음식점||카페,디저트||카페||카페앤스터프
I1002440	카페에벤	||음식점||카페,디저트||카페||카페에벤
I1002446	카페일리터	||음식점||카페,디저트||카페일리터
I1002460	뚝배기양평해장국	||음식점||한식||해장국||뚝배기양평해장국
I1002477	램브로양꼬치	||음식점||중식||양꼬치||램브로양꼬치
I1002478	랭스터디카페	||서비스,산업||임대,대여||장소대여||랭스터디카페
I1002486	업텐브로피자	||음식점||양식||피자||업텐브로피자
I1002496	엉터리양평해장국&감자탕	||음식점||한식||해장국||엉터리양평해장국&감자탕
I1002499	류재은베이커리	||음식점||카페,디저트||베이커리||류재은베이커리
I1002500	코레아경양식	||음식점||양식||코레아경양식
I1002522	여빈의피자뜨락	||음식점||양식||피자||여빈의피자뜨락
I1002523	큐브스퀘어도넛앤커피	||음식점||카페,디저트||도넛||큐브스퀘어도넛앤커피
I1002534	열선수애호박돼지국밥	||음식점||한식||국밥||열선수애호박돼지국밥
I1002546	만송골갈비탕	||음식점||한식||갈비탕||만송골갈비탕
I1002547	오가리수제비칼국수	||음식점||한식||칼국수,만두||오가리수제비칼국수
I1002548	만식이네와인포차	||음식점||술집||와인||만식이네와인포차
I1002553	맥주를구한피자	||음식점||양식||피자||맥주를구한피자
I1002563	오백국수	||음식점||한식||국수||오백국수
I1002565	오별난멸치국수	||음식점||한식||국수||오별난멸치국수
I1002575	명품임실치즈피자	||음식점||양식||피자||명품임실치즈피자
I1002588	목촌나주곰탕왕갈비탕	||음식점||한식||곰탕,설렁탕||목촌나주곰탕왕갈비탕
I1002614	우리음식점	||음식점||한식||우리음식점
I1002615	우림칼국수	||음식점||한식||칼국수,만두||우림칼국수
I1002629	방이샤브샤브칼국수	||음식점||일식||샤브샤브||방이샤브샤브칼국수
I1002634	양평칼국수	||음식점||한식||칼국수,만두||양평칼국수
I1002636	배달의쌀국수	||음식점||베트남음식||배달의쌀국수
I1002639	배달쌈밥	||음식점||한식||쌈밥||배달쌈밥
I1002649	이가네양꼬치	||음식점||중식||양꼬치||이가네양꼬치
I1002659	이태리피자	||음식점||양식||피자||이태리피자
I1002671	태성추어탕	||음식점||한식||추어탕||태성추어탕
I1002672	태양부양꼬치	||음식점||중식||양꼬치||태양부양꼬치
I1002675	전주콩뿌리콩나물국밥	||음식점||한식||국밥||전주콩뿌리콩나물국밥
I1002676	전티마이베트남쌀국수	||음식점||베트남음식||전티마이베트남쌀국수
I1002677	터치카페	||음식점||카페,디저트||터치카페
I1002691	투명통슬라임카페	||스포츠,오락||오락시설||슬라임카페||투명통슬라임카페
I1002706	프리카페	||음식점||뷔페||고기뷔페||프리카페
I1002710	피엔제이피자	||음식점||양식||피자||피엔제이피자
I1002711	피자369	||음식점||양식||피자||피자369
I1002712	피자박스	||음식점||양식||피자||피자박스
I1002713	피자베이	||음식점||양식||피자||피자베이
I1002714	피자보이시나	||음식점||양식||피자||피자보이시나
I1002716	피자컴퍼니	||음식점||양식||피자||피자컴퍼니
I1002731	한옥마을전주비빔밥	||음식점||한식||비빔밥||한옥마을전주비빔밥
I1002737	위넌스터디카페	||서비스,산업||임대,대여||장소대여||위넌스터디카페
I1002738	핫도그브라더스	||음식점||양식||핫도그||핫도그브라더스
I1002739	핫도그트럭	||음식점||양식||핫도그||핫도그트럭
I1002748	헬로베트남쌀국수	||음식점||베트남음식||헬로베트남쌀국수
I1002752	호갱양꼬치	||음식점||중식||양꼬치||호갱양꼬치
I1002765	홍대쌀국수	||음식점||베트남음식||홍대쌀국수
I1002782	휘카페	||음식점||카페,디저트||카페||휘카페
I1002857	착한미용실원투쓰리	||생활,편의||미용||미용실||착한미용실원투쓰리
I1002870	카페판다	||음식점||카페,디저트||카페판다
I1002947	전주콩나물국밥	||음식점||한식||국밥||전주콩나물국밥
I1002948	전주팔미콩나물국밥	||음식점||한식||국밥||전주팔미콩나물국밥
I1002963	중식당 청	||음식점||중식||중식당||중식당 청
I1002974	브라더양꼬치	||음식점||중식||양꼬치||브라더양꼬치
I1003005	굿맘할매순대국&양선지해장국	||음식점||한식||육류,고기요리||순대,순댓국||굿맘할매순대국&양선지해장국
I1003012	착한감자탕	||음식점||한식||감자탕||착한감자탕
I1003023	소문난시장칼국수	||음식점||한식||칼국수,만두||소문난시장칼국수
I1003024	천안옛날호두과자	||음식점||카페,디저트||호두과자||천안옛날호두과자
I1003035	송프로피자	||음식점||양식||피자||송프로피자
I1003050	카페드파리	||음식점||카페,디저트||카페||카페드파리
I1003052	카페라산타	||음식점||카페,디저트||카페||카페라산타
I1003053	카페베르떼	||음식점||카페,디저트||카페||카페베르떼
I1003055	카페벨로마노	||음식점||카페,디저트||카페||카페벨로마노
I1003060	카페오드	||음식점||카페,디저트||테마카페||카페오드
I1003063	카페해미일	||음식점||카페,디저트||테마카페||카페해미일
I1003069	카페65도씨	||음식점||카페,디저트||카페||카페65도씨
I1003070	세계인과함께하는 시카고피자	||음식점||양식||피자||세계인과함께하는 시카고피자
I1003071	카페그란데	||음식점||카페,디저트||카페||카페그란데
I1003084	아르떼한식뷔페	||음식점||한식||한식뷔페||아르떼한식뷔페
I1003089	달리는피자아저씨	||음식점||양식||피자||달리는피자아저씨
I1003097	비아이지아이스크림할인점	||음식점||카페,디저트||아이스크림||비아이지아이스크림할인점
I1003100	CoolSale아이스크림할인마트	||음식점||카페,디저트||아이스크림||CoolSale아이스크림할인마트
I1003101	스위트타임아이스크림할인점	||음식점||카페,디저트||아이스크림||스위트타임아이스크림할인점
I1003102	투가이즈치킨&피자	||음식점||치킨,닭강정||투가이즈치킨&피자
I1003103	withice아이스크림할인점	||음식점||카페,디저트||아이스크림||withice아이스크림할인점
I1003135	우리집다음에맛있는집양평해장국	||음식점||한식||해장국||우리집다음에맛있는집양평해장국
I1003136	한국에서두번째양평해장국	||음식점||한식||해장국||한국에서두번째양평해장국
I1003137	마약양꼬치	||음식점||중식||양꼬치||마약양꼬치
I1003138	피자스타	||음식점||양식||피자||피자스타
I1003140	피자쏭	||음식점||양식||피자||피자쏭
I1003142	피자탑	||음식점||양식||피자||피자탑
I1003144	얼큰이홍냉면앤삼겹	||음식점||한식||냉면||얼큰이홍냉면앤삼겹
I1003150	엘리펀트피자	||음식점||양식||피자||엘리펀트피자
I1003155	역전국밥	||음식점||한식||육류,고기요리||순대,순댓국||역전국밥
I1003158	열도분식	||음식점||일식||일식당||열도분식
I1003165	멸치가살아있는국수	||음식점||한식||국수||멸치가살아있는국수
I1003233	베트꽁쌀국수	||음식점||베트남음식||베트꽁쌀국수
I1003252	이자카야탄	||음식점||술집||이자카야||이자카야탄
I1003253	자갈치식당꼬막비빔밥	||음식점||한식||해물,생선요리||자갈치식당꼬막비빔밥
I1003296	브이카페	||음식점||카페,디저트||브이카페
I1003305	남도분식	||음식점||분식||남도분식
I1003306	작심스터디카페	||서비스,산업||임대,대여||장소대여||작심스터디카페
I1003312	대치에스학원	||교육,학문||학원 등 교습시설||교습학원,교습소||입시교육||대치에스학원
I1003323	지인인테리어	||쇼핑,유통||가구,인테리어||지인인테리어
I1003326	셀디스터디카페	||서비스,산업||임대,대여||장소대여||셀디스터디카페
I1003327	제주둘레국수	||음식점||한식||국수||제주둘레국수
I1003484	선인자동차 포드링컨서비스센터	||생활,편의||자동차정비,수리||선인자동차 포드링컨서비스센터
I1003523	한성자동차 메르세데스벤츠	||쇼핑,유통||자동차||전시,판매||한성자동차 메르세데스벤츠
I1003533	한성자동차 메르세데스벤츠서비스센터	||생활,편의||자동차정비,수리||한성자동차 메르세데스벤츠서비스센터
I1003580	삼첩분식	||음식점||분식||삼첩분식
I1003615	아이비키즈스포츠	||교육,학문||학원 등 교습시설||스포츠,레크레이션교육||아이비키즈스포츠
I1003651	분식이이래도되는가 더치킨	||음식점||분식||분식이이래도되는가 더치킨
I1003653	삼청동국수	||음식점||한식||국수||삼청동국수
I1003669	PEC스포츠아카데미	||교육,학문||학원 등 교습시설||스포츠,레크레이션교육||PEC스포츠아카데미
I1003709	오핀카페	||음식점||카페,디저트||카페||오핀카페
I1003713	피제이피자	||음식점||양식||피자||피제이피자
I1003715	피자파는집	||음식점||양식||피자||피자파는집
I1003716	피자이탈리	||음식점||양식||피자||피자이탈리
I1003720	피굽남피자	||음식점||양식||피자||피굽남피자
I1003734	카페드롬	||음식점||카페,디저트||카페드롬
I1004375	피자플래넷	||음식점||양식||피자||피자플래넷
I1004421	콩카페	||음식점||카페,디저트||카페||콩카페
I1004425	와인앤모어	||쇼핑,유통||식료품||주류||와인앤모어
I1004576	골든스터디카페	||서비스,산업||임대,대여||장소대여||골든스터디카페
I1004585	초심스터디카페	||서비스,산업||임대,대여||장소대여||초심스터디카페
I1004598	분식회사떡심	||음식점||분식||분식회사떡심
I1004624	이지스스터디카페	||서비스,산업||임대,대여||장소대여||이지스스터디카페
I1004630	방태막국수	||음식점||한식||막국수||방태막국수
I1004663	청담피자	||음식점||양식||피자||청담피자
I1004668	카페블라썸	||음식점||카페,디저트||카페||카페블라썸
I1004694	토스트카페마리	||음식점||양식||샌드위치||토스트카페마리
I1004761	분식쌀롱	||음식점||분식||분식쌀롱
I1004763	홍종흔베이커리	||음식점||카페,디저트||베이커리||홍종흔베이커리
I1004781	혼마골프	||쇼핑,유통||취미,레저용품||스포츠용품||골프용품||혼마골프
I1004802	서오릉피자	||음식점||양식||피자||서오릉피자
I1004810	플랜에이스터디카페	||서비스,산업||임대,대여||장소대여||플랜에이스터디카페
I1004843	이백장돈가스	||음식점||일식||돈가스||이백장돈가스
I1004844	멘토즈스터디카페	||서비스,산업||임대,대여||장소대여||멘토즈스터디카페
I1004852	마선생얼큰국밥	||음식점||한식||국밥||마선생얼큰국밥
I1004857	플랜에이독서실	||교육,학문||도서관||독서실||플랜에이독서실
I1004865	빈폴골프	||쇼핑,유통||패션||골프웨어||빈폴골프
I1004899	빈폴스포츠아울렛	||쇼핑,유통||종합도소매||아울렛||빈폴스포츠아울렛
I1004905	에이닷영어학원	||교육,학문||학원 등 교습시설||어학교육||영어교육||에이닷영어학원
I1004907	아이스크림스토리	||쇼핑,유통||식료품||가공식품||아이스크림스토리
I1004914	메리엘스아이스크림	||쇼핑,유통||식료품||가공식품||메리엘스아이스크림
I1004919	시작스터디카페	||서비스,산업||임대,대여||장소대여||시작스터디카페
I1004920	하우스터디독서실	||교육,학문||도서관||독서실||하우스터디독서실
I1004944	골프존카운티	||스포츠,오락||스포츠시설||골프장||골프존카운티
I1004946	바짝스터디카페	||서비스,산업||임대,대여||장소대여||바짝스터디카페
I1004977	공본스터디카페	||서비스,산업||임대,대여||장소대여||공본스터디카페
I1004990	플랜트스터디카페	||서비스,산업||임대,대여||장소대여||플랜트스터디카페
I1004993	피자스톰	||음식점||양식||피자||피자스톰
I1004994	이자경수학학원	||교육,학문||학원 등 교습시설||교습학원,교습소||수학교육||이자경수학학원
I1005007	더학원	||교육,학문||학원 등 교습시설||교습학원,교습소||입시교육||더학원
I1005034	프린트카페	||서비스,산업||전문,기술서비스||출력,복사,제본||프린트카페
I1005036	페르마수학학원	||교육,학문||학원 등 교습시설||교습학원,교습소||수학교육||페르마수학학원
I1005072	크앙분식	||음식점||분식||크앙분식
I1005086	로체스터디카페	||서비스,산업||임대,대여||장소대여||로체스터디카페
I1005093	피자플렉스	||음식점||양식||피자||피자플렉스
I1005098	카페코지	||음식점||카페,디저트||카페코지
I1005102	노브랜드피자	||음식점||양식||피자||노브랜드피자
I1005132	카페희다	||음식점||카페,디저트||카페희다
I1005134	슈페리어골프앤스포츠	||쇼핑,유통||패션||골프웨어||슈페리어골프앤스포츠
I1005155	다짐스터디카페	||서비스,산업||임대,대여||장소대여||다짐스터디카페
I1005176	명인칼국수	||음식점||한식||칼국수,만두||명인칼국수
I1005177	오늘은카레	||음식점||일식||일식당||오늘은카레
I1005178	카페천국	||음식점||카페,디저트||카페천국
I1005188	송정동핫도그	||음식점||양식||핫도그||송정동핫도그
I1005189	빽보이피자	||음식점||양식||피자||빽보이피자
I1005197	피자쿠치나	||음식점||양식||피자||피자쿠치나
I1005206	개수리막국수	||음식점||한식||막국수||개수리막국수
I1005209	프레드피자	||음식점||양식||피자||프레드피자
I1005212	열정국밥	||음식점||한식||국밥||열정국밥
I1005235	오늘손칼국수&찜	||음식점||한식||칼국수,만두||오늘손칼국수&찜
I1005244	산지해장국	||음식점||한식||해장국||산지해장국
I1005258	카페드리옹	||음식점||카페,디저트||카페||카페드리옹
I1005266	우즈베이커리	||음식점||카페,디저트||베이커리||우즈베이커리
I1005273	브런치빈	||음식점||양식||브런치||브런치빈
I1005281	카페온화	||음식점||카페,디저트||카페||카페온화
I1005293	카페미뇽	||음식점||카페,디저트||카페||카페미뇽
I1005295	일심해장국	||음식점||한식||해장국||일심해장국
I1005307	피자먹다	||음식점||양식||피자||피자먹다
I1005322	카페딕셔너리	||음식점||카페,디저트||카페||카페딕셔너리
I1005346	국밥대장	||음식점||한식||국밥||국밥대장
I1005349	아방베이커리	||음식점||카페,디저트||베이커리||아방베이커리
I1005350	모두뼈다귀감자탕	||음식점||한식||감자탕||모두뼈다귀감자탕
I1005353	153구포국수	||음식점||한식||국수||153구포국수
I1005361	대림국수	||음식점||한식||국수||대림국수
I1005362	이자카야나무	||음식점||술집||이자카야||이자카야나무
I1005371	한사리감자탕&뼈구이	||음식점||한식||감자탕||한사리감자탕&뼈구이
I1005404	이화여자대학교의료원	||건강,의료||병원||종합병원||이화여자대학교의료원
I1005428	하동우렁추어탕	||음식점||한식||추어탕||하동우렁추어탕
I1005434	타르틴베이커리	||음식점||카페,디저트||베이커리||타르틴베이커리
I1005451	평이담백뼈칼국수	||음식점||한식||칼국수,만두||평이담백뼈칼국수
I1005468	육전국밥	||음식점||한식||국밥||육전국밥
I1005472	왕손피자	||음식점||양식||피자||왕손피자
I1005485	선향정샤브샤브	||음식점||일식||샤브샤브||선향정샤브샤브
I1005486	카페아에	||음식점||카페,디저트||카페||카페아에
I1005493	라온수제돈가스	||음식점||일식||돈가스||라온수제돈가스
I1005511	잭슨피자	||음식점||양식||피자||잭슨피자
I1005517	호봉토스트	||음식점||분식||토스트||호봉토스트
I1005524	하나샤브샤브	||음식점||일식||샤브샤브||하나샤브샤브
I1005531	미친피자	||음식점||양식||피자||미친피자
I1005552	두들리도넛	||음식점||카페,디저트||도넛||두들리도넛
I1005558	호미스피자	||음식점||양식||피자||호미스피자
I1005568	주재근베이커리	||음식점||카페,디저트||베이커리||주재근베이커리
I1005573	랜디스도넛	||음식점||카페,디저트||도넛||랜디스도넛
I1005576	날쌘카페	||음식점||카페,디저트||날쌘카페
I1005616	가이오국수	||음식점||한식||국수||가이오국수
I1005626	꽃피는화덕피자D485	||음식점||양식||피자||꽃피는화덕피자D485
I1005646	해운대31cm해물칼국수	||음식점||한식||칼국수,만두||해운대31cm해물칼국수
I1005649	카페유어프레즌트	||음식점||카페,디저트||카페유어프레즌트
I1005657	카페진정성	||음식점||카페,디저트||카페진정성
I1005683	제주쾅쾅돈가스	||음식점||일식||돈가스||제주쾅쾅돈가스
I1005687	피자엠소마	||음식점||양식||피자||피자엠소마
I1005690	카페만월경	||음식점||카페,디저트||카페||카페만월경
I1005713	분식문방구	||음식점||분식||분식문방구
I1005725	맘스터치 피자앤치킨	||음식점||양식||피자||맘스터치 피자앤치킨
I1005732	청년분식	||음식점||분식||청년분식
I1005749	엄청큰조선의갈비탕&냉면	||음식점||한식||갈비탕||엄청큰조선의갈비탕&냉면
I1005756	카페그리닝	||음식점||카페,디저트||카페그리닝
I1005771	푸른술집할라	||음식점||술집||요리주점||푸른술집할라
I1005804	르하임스터디카페	||서비스,산업||임대,대여||장소대여||르하임스터디카페
I1005805	브뤼트피자	||음식점||양식||피자||브뤼트피자
I1005823	수만휘관리형스터디카페	||서비스,산업||임대,대여||장소대여||수만휘관리형스터디카페
I1005826	임사부순대국밥	||음식점||한식||국밥||임사부순대국밥
I1005844	요거트아이스크림의정석	||음식점||카페,디저트||아이스크림||요거트아이스크림의정석
I1005852	올드페리도넛	||음식점||카페,디저트||도넛||올드페리도넛
I1005871	노모어피자	||음식점||양식||피자||노모어피자
I1005872	송화양꼬치	||음식점||중식||양꼬치||송화양꼬치
I1005887	조조칼국수	||음식점||한식||칼국수,만두||조조칼국수
I1005894	한강로칼국수	||음식점||한식||칼국수,만두||한강로칼국수
I1005896	카페꼼마&얀 쿠브레	||음식점||카페,디저트||카페꼼마&얀 쿠브레
I1005905	밀양순대돼지국밥	||음식점||한식||국밥||밀양순대돼지국밥
I1005913	피자힙	||음식점||양식||피자||피자힙
I1005940	225토마토스트릿	||음식점||양식||스테이크,립||225토마토스트릿
I1005970	카페드220볼트	||음식점||카페,디저트||카페드220볼트
I1005999	카페프리헷	||음식점||카페,디저트||카페프리헷
I1006004	세수대야돈까스&냉면	||음식점||일식||돈가스||세수대야돈까스&냉면
I1006006	조쉐프의쌀국수	||음식점||베트남음식||조쉐프의쌀국수
I1006007	어라운드스터디카페	||서비스,산업||임대,대여||장소대여||어라운드스터디카페
I1006016	이학순베이커리	||음식점||카페,디저트||베이커리||이학순베이커리
I1006028	형제들감자탕	||음식점||한식||감자탕||형제들감자탕
I1006046	피자는치즈빨	||음식점||양식||피자||피자는치즈빨
I1006055	킴브로스피자&파스타	||음식점||양식||킴브로스피자&파스타
I1006057	국밥생각	||음식점||한식||국밥||국밥생각
I1006076	먼투썬피자	||음식점||양식||피자||먼투썬피자
I1006228	카페일분	||음식점||카페,디저트||카페||카페일분
I1006257	가마솥순대국밥	||음식점||한식||육류,고기요리||순대,순댓국||가마솥순대국밥
I1006261	펠트골프	||쇼핑,유통||패션||골프웨어||펠트골프
I1006262	화백곰탕&냉면	||음식점||한식||곰탕,설렁탕||화백곰탕&냉면
I1006263	피자닭터	||음식점||양식||피자||피자닭터
I1006279	변동춘명동칼국수	||음식점||한식||칼국수,만두||변동춘명동칼국수
I1006282	피자프라텔로	||음식점||양식||피자||피자프라텔로
I1006299	가구대통령	||쇼핑,유통||가구,인테리어||가구||가구대통령
I1006314	쌀국수공방	||음식점||베트남음식||쌀국수공방
I1006338	카페홈즈	||음식점||카페,디저트||카페홈즈
I1006348	압구정샌드위치	||음식점||양식||샌드위치||압구정샌드위치
I1006355	이것이국밥이다	||음식점||한식||국밥||이것이국밥이다
I1006359	외대HS어학원	||교육,학문||학원 등 교습시설||어학교육||영어교육||외대HS어학원
I1006377	카페동이	||음식점||한식||백반,가정식||카페동이
I1006398	박승광해물손칼국수	||음식점||한식||칼국수,만두||박승광해물손칼국수
I1006406	수변최고돼지국밥	||음식점||한식||국밥||수변최고돼지국밥
I1006427	국밥집막내아들	||음식점||한식||국밥||국밥집막내아들
I1006434	토스타토스트	||음식점||분식||토스트||토스타토스트
I1006436	와인픽스	||쇼핑,유통||식료품||주류||와인픽스
I1006441	청년감자탕	||음식점||한식||감자탕||청년감자탕
I1006442	매드피자	||음식점||양식||피자||매드피자
I1006450	방가삼대얼큰한뼈해장국	||음식점||한식||해장국||방가삼대얼큰한뼈해장국
I1006452	티엠티피자	||음식점||양식||피자||티엠티피자
I1006470	별국수	||음식점||한식||국수||별국수
I1006472	봄이보리밥	||음식점||한식||보리밥||봄이보리밥
I1006493	나이키골프	||쇼핑,유통||패션||골프웨어||나이키골프
I1006496	1984그수육집칼국수	||음식점||한식||칼국수,만두||1984그수육집칼국수
I1006504	모어샌드위치	||음식점||양식||샌드위치||모어샌드위치
I1006525	카페ING	||음식점||카페,디저트||카페ING
I1006541	디딤스터디카페	||서비스,산업||임대,대여||장소대여||디딤스터디카페
I1006542	피자덕	||음식점||양식||피자||피자덕
I1006548	메이드학원	||교육,학문||학원 등 교습시설||교습학원,교습소||수학교육||메이드학원
I1006550	대한냉면	||음식점||한식||냉면||대한냉면
I1006555	감성실용음악학원	||교육,학문||학원 등 교습시설||음악교육||실용음악교육||감성실용음악학원
I1006566	세이노학원	||교육,학문||학원 등 교습시설||교습학원,교습소||수학교육||세이노학원
I1006569	카페마일로	||음식점||카페,디저트||카페||카페마일로
I1006575	피자와썹	||음식점||양식||피자||피자와썹
I1006581	무청감자탕	||음식점||한식||감자탕||무청감자탕
I1006586	아이덴스터디카페	||서비스,산업||임대,대여||장소대여||아이덴스터디카페
I1006608	동동국밥	||음식점||한식||국밥||동동국밥
I1006634	참토스트	||음식점||분식||토스트||참토스트
I1006647	바른학원	||교육,학문||학원 등 교습시설||교습학원,교습소||입시교육||바른학원
I220236	석봉토스트	||음식점||분식||토스트||석봉토스트
I220238	이삭토스트	||음식점||분식||토스트||이삭토스트
I220240	토스트굽는사람들	||음식점||분식||토스트||토스트굽는사람들
I220298	다사랑치킨피자호프	||음식점||치킨,닭강정||다사랑치킨피자호프
I220440	왕서방왕치킨피자	||음식점||치킨,닭강정||왕서방왕치킨피자
I220605	원조쌈밥집	||음식점||한식||쌈밥||원조쌈밥집
I220607	명동보리밥	||음식점||한식||보리밥||명동보리밥
I220608	사월에보리밥	||음식점||한식||보리밥||사월에보리밥
I220609	청국장과보리밥	||음식점||한식||보리밥||청국장과보리밥
I220612	본비빔밥	||음식점||한식||비빔밥||본비빔밥
I220625	전계능의콩나물국밥	||음식점||한식||국밥||전계능의콩나물국밥
I220629	국수나무	||음식점||한식||국수||국수나무
I220631	만복국수집	||음식점||술집||요리주점||만복국수집
I220632	망향비빔국수	||음식점||한식||국수||망향비빔국수
I220633	명동할머니국수	||음식점||한식||국수||명동할머니국수
I220634	미정국수0410	||음식점||한식||국수||미정국수0410
I220635	봉채국수	||음식점||한식||국수||봉채국수
I220636	부송국수	||음식점||한식||국수||부송국수
I220638	셰프의국수전	||음식점||한식||국수||셰프의국수전
I220639	소담비빔국수	||음식점||한식||국수||소담비빔국수
I220648	설원칡냉면	||음식점||한식||냉면||설원칡냉면
I220649	송주불냉면칼국수	||음식점||한식||냉면||송주불냉면칼국수
I220650	유천냉면	||음식점||한식||냉면||유천냉면
I220651	육쌈냉면	||음식점||한식||냉면||육쌈냉면
I220655	화평동왕냉면	||음식점||한식||냉면||화평동왕냉면
I220657	메밀골동해막국수	||음식점||한식||막국수||메밀골동해막국수
I220673	남가네설악추어탕	||음식점||한식||추어탕||남가네설악추어탕
I220674	남원골추어탕	||음식점||한식||추어탕||남원골추어탕
I220675	남원추어탕	||음식점||한식||추어탕||남원추어탕
I220676	송담추어탕	||음식점||한식||추어탕||송담추어탕
I220677	원조설악추어탕	||음식점||한식||추어탕||원조설악추어탕
I220678	조바우가마솥추어탕	||음식점||한식||추어탕||조바우가마솥추어탕
I220680	춘향골남원추어탕	||음식점||한식||추어탕||춘향골남원추어탕
I220683	금강산감자탕	||음식점||한식||감자탕||금강산감자탕
I220684	남다른감자탕	||음식점||한식||감자탕||남다른감자탕
I220686	누리마을감자탕	||음식점||한식||감자탕||누리마을감자탕
I220687	두리맛감자탕	||음식점||한식||감자탕||두리맛감자탕
I220688	이바돔감자탕	||음식점||한식||감자탕||이바돔감자탕
I220689	조마루감자탕	||음식점||한식||감자탕||조마루감자탕
I220691	행복추풍령감자탕묵은지	||음식점||한식||감자탕||행복추풍령감자탕묵은지
I220692	참이맛감자탕	||음식점||한식||감자탕||참이맛감자탕
I220694	방일해장국	||음식점||한식||해장국||방일해장국
I220695	양평해장국	||음식점||한식||해장국||양평해장국
I220704	곽만근갈비탕	||음식점||한식||갈비탕||곽만근갈비탕
I220717	등촌샤브칼국수	||음식점||한식||칼국수,만두||등촌샤브칼국수
I220718	명동칼국수	||음식점||한식||칼국수,만두||명동칼국수
I220719	명동칼국수샤브샤브	||음식점||한식||칼국수,만두||명동칼국수샤브샤브
I220720	미사리밀빛초계국수	||음식점||한식||칼국수,만두||미사리밀빛초계국수
I220721	백청우칼국수	||음식점||한식||칼국수,만두||백청우칼국수
I220722	봉창이해물칼국수	||음식점||한식||칼국수,만두||봉창이해물칼국수
I220725	옹심이메밀칼국수	||음식점||한식||칼국수,만두||옹심이메밀칼국수
I220726	이레네칼국수	||음식점||한식||칼국수,만두||이레네칼국수
I220825	정성본샤브수끼칼국수	||음식점||일식||샤브샤브||정성본샤브수끼칼국수
I220833	더오니기리	||음식점||일식||오니기리||더오니기리
I220834	오니기리와이규동	||음식점||일식||오니기리||오니기리와이규동
I220864	경성양꼬치	||음식점||중식||양꼬치||경성양꼬치
I220928	카페파스타	||음식점||양식||이탈리아음식||카페파스타
I220945	7번가피자	||음식점||양식||피자||7번가피자
I220946	피자생각	||음식점||양식||피자||피자생각
I220948	난타5000피자	||음식점||양식||피자||난타5000피자
I220949	도미노피자	||음식점||양식||피자||도미노피자
I220950	몰리제피자	||음식점||양식||피자||몰리제피자
I220951	미사랑임실치즈피자	||음식점||양식||피자||미사랑임실치즈피자
I220952	미스터피자	||음식점||양식||피자||미스터피자
I220953	믹존스피자	||음식점||양식||피자||믹존스피자
I220955	브링웰피자	||음식점||양식||피자||브링웰피자
I220957	빨간모자피자	||음식점||양식||피자||빨간모자피자
I220958	뽕뜨락피자	||음식점||양식||피자||뽕뜨락피자
I220961	아이러브피자	||음식점||양식||피자||아이러브피자
I220962	영구스피자	||음식점||양식||피자||영구스피자
I220964	이탈리안피자팩토리	||음식점||양식||피자||이탈리안피자팩토리
I220965	임실N치즈피자	||음식점||양식||피자||임실N치즈피자
I220966	임실치즈피자	||음식점||양식||피자||임실치즈피자
I220967	지정환피자	||음식점||양식||피자||지정환피자
I220968	캘리포니아피자키친	||음식점||양식||피자||캘리포니아피자키친
I220971	피자가기가막혀	||음식점||양식||피자||피자가기가막혀
I220972	피자굼터	||음식점||양식||피자||피자굼터
I220973	피자나눔터	||음식점||양식||피자||피자나눔터
I220975	피자마루	||음식점||양식||피자||피자마루
I220976	피자명	||음식점||양식||피자||피자명
I220979	피자몰	||음식점||양식||피자||피자몰
I220980	피자빙고	||음식점||양식||피자||피자빙고
I220981	피자스쿨	||음식점||양식||피자||피자스쿨
I220982	피자알볼로	||음식점||양식||피자||피자알볼로
I220983	피자에땅	||음식점||양식||피자||피자에땅
I220984	피자와치킨의러브레터	||음식점||양식||피자||피자와치킨의러브레터
I220987	피자투어	||음식점||양식||피자||피자투어
I220988	피자헛	||음식점||양식||피자||피자헛
I220989	피자헤븐	||음식점||양식||피자||피자헤븐
I220990	하늘보리피자	||음식점||양식||피자||하늘보리피자
I220992	황철수피자	||음식점||양식||피자||황철수피자
I220993	오구쌀피자	||음식점||양식||피자||오구쌀피자
I220999	죠샌드위치	||음식점||양식||샌드위치||죠샌드위치
I221021	뉴욕핫도그앤커피	||음식점||양식||핫도그||뉴욕핫도그앤커피
I221022	스테프핫도그	||음식점||양식||핫도그||스테프핫도그
I221051	수리야	||음식점||술집||요리주점||수리야
I221187	크리스피크림도넛	||음식점||카페,디저트||도넛||크리스피크림도넛
I221189	빈스앤와플	||음식점||카페,디저트||와플||빈스앤와플
I221193	와플반트	||음식점||카페,디저트||와플||와플반트
I221194	와플킹	||음식점||카페,디저트||와플||와플킹
I221227	카페라리	||음식점||카페,디저트||카페||카페라리
I221229	카페아모제	||음식점||카페,디저트||카페||카페아모제
I221237	카페아마떼	||음식점||카페,디저트||카페||카페아마떼
I221247	더카페	||음식점||카페,디저트||카페||더카페
I221296	카페7그램	||음식점||카페,디저트||카페||카페7그램
I221297	카페글렌	||음식점||카페,디저트||카페||카페글렌
I221298	카페네스카페	||음식점||카페,디저트||카페||카페네스카페
I221299	카페다	||음식점||카페,디저트||카페||카페다
I221302	카페두다트	||음식점||카페,디저트||카페||카페두다트
I221303	카페드림	||음식점||카페,디저트||카페||카페드림
I221306	카페말로	||음식점||카페,디저트||카페||카페말로
I221307	카페베네	||음식점||카페,디저트||카페||카페베네
I221309	카페에스파니	||음식점||카페,디저트||카페||카페에스파니
I221310	카페원플러스원	||음식점||카페,디저트||카페||카페원플러스원
I221311	카페유로시안	||음식점||카페,디저트||카페||카페유로시안
I221312	카페자스	||음식점||카페,디저트||카페||카페자스
I221313	카페칸타타	||음식점||카페,디저트||카페||카페칸타타
I221314	카페커스	||음식점||카페,디저트||카페||카페커스
I221362	요구르트아이스크림	||음식점||카페,디저트||아이스크림||요구르트아이스크림
I221363	젤라또아이스크림	||음식점||카페,디저트||아이스크림||젤라또아이스크림
I221383	카페띠아모	||음식점||카페,디저트||아이스크림||카페띠아모
I221403	카페티맑은	||음식점||카페,디저트||차||카페티맑은
I221426	에듀카페	||스포츠,오락||오락시설||키즈카페,실내놀이터||에듀카페
I221551	진배기원조할매순대국밥	||음식점||한식||육류,고기요리||순대,순댓국||진배기원조할매순대국밥
I221651	김명자굴국밥전문점	||음식점||한식||해물,생선요리||굴요리||김명자굴국밥전문점
I221692	조춘식동태탕회냉면	||음식점||한식||해물,생선요리||매운탕,해물탕||조춘식동태탕회냉면
I222596	지앤비영어전문학원	||교육,학문||학원 등 교습시설||어학교육||영어교육||지앤비영어전문학원
I222597	SDA삼육외국어학원	||교육,학문||학원 등 교습시설||어학교육||영어교육||SDA삼육외국어학원
I222598	민병철어학교육연구원	||교육,학문||학원 등 교습시설||어학교육||영어교육||민병철어학교육연구원
I222601	정철어학원	||교육,학문||학원 등 교습시설||어학교육||영어교육||정철어학원
I222602	청담어학원	||교육,학문||학원 등 교습시설||어학교육||영어교육||청담어학원
I223212	아산병원	||건강,의료||병원||종합병원||아산병원
I223213	차병원	||건강,의료||병원||종합병원||차병원
I223214	가톨릭대학병원	||건강,의료||병원||종합병원||가톨릭대학병원
I223215	고려대학교의료원	||건강,의료||병원||종합병원||고려대학교의료원
I223216	동국대학교의료원	||건강,의료||병원||종합병원||동국대학교의료원
I223217	서울대학교병원	||건강,의료||병원||종합병원||서울대학교병원
I223218	순천향대학병원	||건강,의료||병원||종합병원||순천향대학병원
I223219	원광대학병원	||건강,의료||병원||종합병원||원광대학병원
I223220	인제대학교백병원	||건강,의료||병원||종합병원||인제대학교백병원
I223221	연세대학교세브란스병원	||건강,의료||병원||종합병원||연세대학교세브란스병원
I223222	한림대학교성심병원	||건강,의료||병원||종합병원||한림대학교성심병원
I223223	한양대학교의료원	||건강,의료||병원||종합병원||한양대학교의료원
I223224	경희대학교의료원	||건강,의료||병원||종합병원||경희대학교의료원
I223225	경북대학교병원	||건강,의료||병원||종합병원||경북대학교병원
I223226	경상대학교병원	||건강,의료||병원||종합병원||경상대학교병원
I223227	길병원	||건강,의료||병원||종합병원||길병원
I223228	계명대학교동산병원	||건강,의료||병원||종합병원||계명대학교동산병원
I223229	부산대학교병원	||건강,의료||병원||종합병원||부산대학교병원
I223230	아주대학교의료원	||건강,의료||병원||종합병원||아주대학교의료원
I223231	영남대학교병원	||건강,의료||병원||종합병원||영남대학교병원
I223232	전남대학교병원	||건강,의료||병원||종합병원||전남대학교병원
I223233	전북대학교병원	||건강,의료||병원||종합병원||전북대학교병원
I223234	제주대학교병원	||건강,의료||병원||종합병원||제주대학교병원
I223235	중앙대학교의료원	||건강,의료||병원||종합병원||중앙대학교의료원
I223236	충남대학교병원	||건강,의료||병원||종합병원||충남대학교병원
I223237	충북대학교병원	||건강,의료||병원||종합병원||충북대학교병원
I223506	현대자동차서비스센터-일반	||생활,편의||자동차정비,수리||현대자동차서비스센터-일반
I223509	현대자동차 지정공장	||생활,편의||자동차정비,수리||현대자동차 지정공장
I224123	코오롱스포츠	||쇼핑,유통||패션||등산,아웃도어||코오롱스포츠
I224237	에몬스가구	||쇼핑,유통||가구,인테리어||가구||에몬스가구
I224241	한국가구	||쇼핑,유통||가구,인테리어||가구||한국가구
I224310	알라딘중고서점	||쇼핑,유통||도서,음반,문구||서점||알라딘중고서점
I224473	현대자동차	||쇼핑,유통||자동차||전시,판매||현대자동차
I224594	한국수출입은행-일반	||금융,보험||금융서비스||은행||한국수출입은행-일반
I224595	한국수출입은행	||금융,보험||금융서비스||은행||한국수출입은행
I225381	삼양식품	||서비스,산업||제조업||식료품제조||삼양식품
I225678	기아자동차	||서비스,산업||제조업||자동차,운송장비제조||기아자동차
I225687	볼보자동차	||서비스,산업||제조업||자동차,운송장비제조||볼보자동차
I225701	현대자동차	||서비스,산업||제조업||자동차,운송장비제조||현대자동차
I225825	한국부동산원	||서비스,산업||부동산||감정평가업||한국부동산원
I226480	리틀팍스어학원	||교육,학문||학원 등 교습시설||어학교육||영어교육||리틀팍스어학원
I226481	서일어학원	||교육,학문||학원 등 교습시설||어학교육||영어교육||서일어학원
I226482	스폴어학원	||교육,학문||학원 등 교습시설||어학교육||영어교육||스폴어학원
I226483	에이프릴어학원	||교육,학문||학원 등 교습시설||어학교육||영어교육||에이프릴어학원
I226506	리딩타운어학원	||교육,학문||영,유아,아동||유아학습||영어교육||리딩타운어학원
I226511	파고다주니어어학원	||교육,학문||영,유아,아동||유아학습||영어교육||파고다주니어어학원
I226513	정철어학원주니어	||교육,학문||학원 등 교습시설||어학교육||영어교육||정철어학원주니어
I226525	김샘학원	||교육,학문||학원 등 교습시설||교습학원,교습소||수학교육||김샘학원
I226527	디딤돌수학교실	||교육,학문||학원 등 교습시설||교습학원,교습소||수학교육||디딤돌수학교실
I226536	정진학원	||교육,학문||학원 등 교습시설||교습학원,교습소||입시교육||정진학원
I226537	종로학원	||교육,학문||학원 등 교습시설||교습학원,교습소||입시교육||종로학원
I226541	그린컴퓨터아트학원	||교육,학문||학원 등 교습시설||직업,기술교육||컴퓨터||그린컴퓨터아트학원
I226543	그린섬미술학원	||교육,학문||학원 등 교습시설||미술교육||그린섬미술학원
I226548	주니퍼실용음악학원	||교육,학문||학원 등 교습시설||음악교육||실용음악교육||주니퍼실용음악학원
I226698	온누리약국	||건강,의료||약국||온누리약국
I226707	음식나라조리학원	||교육,학문||학원 등 교습시설||요리교육||음식나라조리학원
I226734	마스타자동차관리	||생활,편의||자동차정비,수리||마스타자동차관리
I226745	도넛플랜트	||음식점||카페,디저트||도넛||도넛플랜트
I227066	엠유스포츠	||쇼핑,유통||패션||골프웨어||엠유스포츠
I227098	닭쟁이피자쟁이	||음식점||치킨,닭강정||닭쟁이피자쟁이
I227103	피자2001	||음식점||양식||피자||피자2001
I227111	남자피자	||음식점||양식||피자||남자피자
I229159	농협주유소	||생활,편의||주유소||농협주유소||농협주유소
I229202	비에이스포츠	||쇼핑,유통||취미,레저용품||자전거||비에이스포츠
I229206	인피자자전거	||쇼핑,유통||취미,레저용품||자전거||인피자자전거
I229296	뉴욕베이커리	||음식점||카페,디저트||베이커리||뉴욕베이커리
I229302	부동산랜드	||서비스,산업||부동산||중개업||부동산랜드
I229303	부동산뱅크	||서비스,산업||부동산||중개업||부동산뱅크
I229304	부동산써브	||서비스,산업||부동산||중개업||부동산써브
I229305	부동산플러스	||서비스,산업||부동산||중개업||부동산플러스
I229870	카페인	||생활,편의||자동차정비,수리||카페인
I229911	장인가구	||쇼핑,유통||가구,인테리어||가구||장인가구
I229985	수피자	||음식점||양식||피자||수피자
I229986	목우촌참피자	||음식점||양식||피자||목우촌참피자
I230058	피자명인	||음식점||양식||피자||피자명인
I230061	이투스247학원	||교육,학문||학원 등 교습시설||교습학원,교습소||입시교육||이투스247학원
I230086	헤어카페이데아	||생활,편의||미용||미용실||헤어카페이데아
I230097	팔당냉면	||음식점||한식||냉면||팔당냉면
I230507	EiE어학원	||교육,학문||학원 등 교습시설||어학교육||영어교육||EiE어학원
I230508	골프존마켓	||쇼핑,유통||취미,레저용품||스포츠용품||골프용품||골프존마켓
I230593	부산아지매국밥	||음식점||한식||국밥||부산아지매국밥
I230605	와플대학	||음식점||카페,디저트||와플||와플대학
I230608	카페뉴욕치즈케익	||음식점||카페,디저트||케이크전문||카페뉴욕치즈케익
I230729	타요키즈카페	||스포츠,오락||오락시설||키즈카페,실내놀이터||타요키즈카페
I230766	호우양꼬치	||음식점||중식||양꼬치||호우양꼬치
I230776	피자애	||음식점||양식||피자||피자애
I230780	카페24창업센터	||서비스,산업||부동산||임대업||카페24창업센터
I230799	대림자동차	||쇼핑,유통||취미,레저용품||오토바이||대림자동차
I230809	다담뜰한식뷔페	||음식점||한식||한식뷔페||다담뜰한식뷔페
I230817	이투스수학학원	||교육,학문||학원 등 교습시설||교습학원,교습소||수학교육||이투스수학학원
I230822	역전타에듀학원	||교육,학문||학원 등 교습시설||교습학원,교습소||입시교육||역전타에듀학원
I230835	반올림피자샵	||음식점||양식||피자||반올림피자샵
I230850	카페잇	||음식점||카페,디저트||카페||카페잇
I230863	통뼈감자탕	||음식점||한식||감자탕||통뼈감자탕
I230872	카페루앤비	||음식점||카페,디저트||카페||카페루앤비
I230894	카페디아떼	||음식점||카페,디저트||카페||카페디아떼
I230896	빅스타피자	||음식점||양식||피자||빅스타피자
I230903	카페보니또	||음식점||카페,디저트||카페||카페보니또
I230908	맛나감자탕	||음식점||한식||감자탕||맛나감자탕
I230930	리골레토시카고피자	||음식점||양식||피자||리골레토시카고피자
I230979	원당감자탕	||음식점||한식||감자탕||원당감자탕
I230984	제일출장뷔페	||음식점||뷔페||제일출장뷔페
I231001	제임스시카고피자	||음식점||양식||피자||제임스시카고피자
I231007	쏭스핫도그	||음식점||양식||핫도그||쏭스핫도그
I231036	김봉남포장마차	||음식점||술집||포장마차||김봉남포장마차
I231046	24시전주명가콩나물국밥	||음식점||한식||국밥||24시전주명가콩나물국밥
I231054	더참맛수육국밥&보쌈	||음식점||한식||국밥||더참맛수육국밥&보쌈
I231075	하이브런치	||음식점||한식||죽||하이브런치
I231084	골프존파크	||스포츠,오락||스포츠시설||스크린골프장||골프존파크
I231101	카니발피자	||음식점||양식||피자||카니발피자
I231102	후니피자	||음식점||양식||피자||후니피자
I231118	고기굽는카페조선	||음식점||한식||육류,고기요리||고기굽는카페조선
I231123	홍대칼국수와족발	||음식점||한식||육류,고기요리||족발,보쌈||홍대칼국수와족발
I231131	불난술집	||음식점||술집||요리주점||불난술집
I231141	안동본가국밥	||음식점||한식||국밥||안동본가국밥
I231160	카페게이트	||음식점||카페,디저트||카페||카페게이트
I231214	명랑핫도그	||음식점||양식||핫도그||명랑핫도그
I231218	카페봄봄	||음식점||카페,디저트||카페||카페봄봄
I231220	오리지널시카고피자	||음식점||양식||피자||오리지널시카고피자
I231243	카페보노	||음식점||카페,디저트||카페||카페보노
I231244	화덕피자파숑	||음식점||양식||피자||화덕피자파숑
I231246	진송추어탕	||음식점||한식||추어탕||진송추어탕
I231247	카페마마스	||음식점||양식||브런치||카페마마스
I231270	킹스타피자	||음식점||양식||피자||킹스타피자
I231296	비타민카페	||음식점||카페,디저트||테이크아웃커피||비타민카페
I231303	대구출장뷔페	||음식점||뷔페||대구출장뷔페
I231340	카페코나퀸즈	||음식점||카페,디저트||카페||카페코나퀸즈
I231342	아리랑핫도그	||음식점||양식||핫도그||아리랑핫도그
I231345	종로할머니칼국수	||음식점||한식||칼국수,만두||종로할머니칼국수
I231382	네오피자	||음식점||양식||피자||네오피자
I231405	브라보치킨피자	||음식점||치킨,닭강정||브라보치킨피자
I231427	봉수아피자	||음식점||양식||피자||봉수아피자
I231442	이가순두부감자탕	||음식점||한식||두부요리||이가순두부감자탕
I231445	베러댄와플	||음식점||카페,디저트||와플||베러댄와플
I231447	종로학원하늘교육	||교육,학문||학원 등 교습시설||교습학원,교습소||입시교육||종로학원하늘교육
I231453	허니허니피자	||음식점||양식||피자||허니허니피자
I231457	파주닭국수	||음식점||한식||국수||파주닭국수
I231461	청진동해장국	||음식점||한식||해장국||청진동해장국
I231468	피자빅	||음식점||양식||피자||피자빅
I231479	안동장터소고기국밥	||음식점||한식||국밥||안동장터소고기국밥
I231727	카페아이엠티	||음식점||카페,디저트||카페||카페아이엠티
I231733	현풍닭칼국수	||음식점||한식||칼국수,만두||현풍닭칼국수
I231734	줄리앙와플	||음식점||카페,디저트||와플||줄리앙와플
I231735	부엉이돈가스	||음식점||일식||돈가스||부엉이돈가스
I231736	청춘감성쌀핫도그	||음식점||양식||핫도그||청춘감성쌀핫도그
I231771	카페쎄리오	||음식점||카페,디저트||카페||카페쎄리오
I231949	삼익가구	||쇼핑,유통||가구,인테리어||가구||삼익가구
I231960	경석이네통닭분식	||음식점||분식||경석이네통닭분식
I231963	C&C미술학원	||교육,학문||학원 등 교습시설||미술교육||C&C미술학원
I231969	파인만학원	||교육,학문||학원 등 교습시설||교습학원,교습소||수학교육||파인만학원
I231987	아베골프	||쇼핑,유통||취미,레저용품||스포츠용품||골프용품||아베골프
I231999	이츠굿베이커리카페	||음식점||카페,디저트||베이커리||이츠굿베이커리카페
I232012	생고기대학교	||음식점||한식||육류,고기요리||생고기대학교
I232013	비엔나핫도그	||음식점||양식||핫도그||비엔나핫도그
I232016	한방전주콩나물국밥	||음식점||한식||국밥||한방전주콩나물국밥
I232018	오르새피자	||음식점||양식||피자||오르새피자
I232024	우리동네국수집	||음식점||한식||국수||우리동네국수집
I232029	도쿄빙수	||음식점||카페,디저트||빙수||도쿄빙수
I232048	낭만핫도그	||음식점||양식||핫도그||낭만핫도그
I232089	고집센그집갈비탕	||음식점||한식||갈비탕||고집센그집갈비탕
I232106	손큰국밥	||음식점||한식||국밥||손큰국밥
I232113	선술집모로미	||음식점||술집||이자카야||선술집모로미
X100005	툰슐랭만화카페	||스포츠,오락||오락시설||만화방||툰슐랭만화카페
X100006	육식사관학교	||음식점||한식||육류,고기요리||육식사관학교
X100014	앤딩스터디카페	||서비스,산업||임대,대여||장소대여||앤딩스터디카페
X100016	일취월장관리형스터디카페	||서비스,산업||임대,대여||장소대여||일취월장관리형스터디카페
X100032	냉면쟁이고기꾼	||음식점||한식||냉면||냉면쟁이고기꾼
X100035	타임유스터디카페	||서비스,산업||임대,대여||장소대여||타임유스터디카페
X100051	냉면장인 임사부	||음식점||한식||냉면||냉면장인 임사부
X100071	2피자1치킨상회	||음식점||양식||피자||2피자1치킨상회
X100084	히어로보드게임카페	||스포츠,오락||오락시설||보드카페||히어로보드게임카페
X100086	구좌리얼크니손칼국수	||음식점||한식||칼국수,만두||구좌리얼크니손칼국수
X100164	국밥참맛있는집	||음식점||한식||국밥||국밥참맛있는집
